Node Number;MAC Address
0;0E-11-EB-00-00-00
1;0E-11-EB-00-00-01
2;0E-11-EB-00-00-02
3;0E-11-EB-00-00-03
4;0E-11-EB-00-00-04
5;0E-11-EB-00-00-05
6;0E-11-EB-00-00-06
7;0E-11-EB-00-00-07
8;0E-11-EB-00-00-08
9;0E-11-EB-00-00-09
10;0E-11-EB-00-00-0A
11;0E-11-EB-00-00-0B
12;0E-11-EB-00-00-0C
13;0E-11-EB-00-00-0D
14;0E-11-EB-00-00-0E
15;0E-11-EB-00-00-0F
16;0E-11-EB-00-00-10
17;0E-11-EB-00-00-11
18;0E-11-EB-00-00-12
19;0E-11-EB-00-00-13
20;0E-11-EB-00-00-14
21;0E-11-EB-00-00-15
22;0E-11-EB-00-00-16
23;0E-11-EB-00-00-17
24;0E-11-EB-00-00-18
25;0E-11-EB-00-00-19
26;0E-11-EB-00-00-1A
27;0E-11-EB-00-00-1B
28;0E-11-EB-00-00-1C
29;0E-11-EB-00-00-1D
30;0E-11-EB-00-00-1E
31;0E-11-EB-00-00-1F
32;0E-11-EB-00-00-20
33;0E-11-EB-00-00-21
34;0E-11-EB-00-00-22
35;0E-11-EB-00-00-23
36;0E-11-EB-00-00-24
37;0E-11-EB-00-00-25
38;0E-11-EB-00-00-26
39;0E-11-EB-00-00-27
40;0E-11-EB-00-00-28
41;0E-11-EB-00-00-29
42;0E-11-EB-00-00-2A
43;0E-11-EB-00-00-2B
44;0E-11-EB-00-00-2C
45;0E-11-EB-00-00-2D
46;0E-11-EB-00-00-2E
47;0E-11-EB-00-00-2F
48;0E-11-EB-00-00-30
49;0E-11-EB-00-00-31
50;0E-11-EB-00-00-32
51;0E-11-EB-00-00-33
52;0E-11-EB-00-00-34
53;0E-11-EB-00-00-35
54;0E-11-EB-00-00-36
55;0E-11-EB-00-00-37
56;0E-11-EB-00-00-38
57;0E-11-EB-00-00-39
58;0E-11-EB-00-00-3A
59;0E-11-EB-00-00-3B
60;0E-11-EB-00-00-3C
61;0E-11-EB-00-00-3D
62;0E-11-EB-00-00-3E
63;0E-11-EB-00-00-3F
64;0E-11-EB-00-00-40
65;0E-11-EB-00-00-41
66;0E-11-EB-00-00-42
67;0E-11-EB-00-00-43
68;0E-11-EB-00-00-44
69;0E-11-EB-00-00-45
70;0E-11-EB-00-00-46
71;0E-11-EB-00-00-47
72;0E-11-EB-00-00-48
73;0E-11-EB-00-00-49
74;0E-11-EB-00-00-4A
75;0E-11-EB-00-00-4B
76;0E-11-EB-00-00-4C
77;0E-11-EB-00-00-4D
78;0E-11-EB-00-00-4E
79;0E-11-EB-00-00-4F
80;0E-11-EB-00-00-50
81;0E-11-EB-00-00-51
82;0E-11-EB-00-00-52
83;0E-11-EB-00-00-53
84;0E-11-EB-00-00-54
85;0E-11-EB-00-00-55
86;0E-11-EB-00-00-56
87;0E-11-EB-00-00-57
88;0E-11-EB-00-00-58
89;0E-11-EB-00-00-59
90;0E-11-EB-00-00-5A
91;0E-11-EB-00-00-5B
92;0E-11-EB-00-00-5C
93;0E-11-EB-00-00-5D
94;0E-11-EB-00-00-5E
95;0E-11-EB-00-00-5F
96;0E-11-EB-00-00-60
97;0E-11-EB-00-00-61
98;0E-11-EB-00-00-62
99;0E-11-EB-00-00-63
100;0E-11-EB-00-00-64
101;0E-11-EB-00-00-65
102;0E-11-EB-00-00-66
103;0E-11-EB-00-00-67
104;0E-11-EB-00-00-68
105;0E-11-EB-00-00-69
106;0E-11-EB-00-00-6A
107;0E-11-EB-00-00-6B
108;0E-11-EB-00-00-6C
109;0E-11-EB-00-00-6D
110;0E-11-EB-00-00-6E
111;0E-11-EB-00-00-6F
112;0E-11-EB-00-00-70
113;0E-11-EB-00-00-71
114;0E-11-EB-00-00-72
115;0E-11-EB-00-00-73
116;0E-11-EB-00-00-74
117;0E-11-EB-00-00-75
118;0E-11-EB-00-00-76
119;0E-11-EB-00-00-77
120;0E-11-EB-00-00-78
121;0E-11-EB-00-00-79
122;0E-11-EB-00-00-7A
123;0E-11-EB-00-00-7B
124;0E-11-EB-00-00-7C
125;0E-11-EB-00-00-7D
126;0E-11-EB-00-00-7E
127;0E-11-EB-00-00-7F
128;0E-11-EB-00-00-80
129;0E-11-EB-00-00-81
130;0E-11-EB-00-00-82
131;0E-11-EB-00-00-83
132;0E-11-EB-00-00-84
133;0E-11-EB-00-00-85
134;0E-11-EB-00-00-86
135;0E-11-EB-00-00-87
136;0E-11-EB-00-00-88
137;0E-11-EB-00-00-89
138;0E-11-EB-00-00-8A
139;0E-11-EB-00-00-8B
140;0E-11-EB-00-00-8C
141;0E-11-EB-00-00-8D
142;0E-11-EB-00-00-8E
143;0E-11-EB-00-00-8F
144;0E-11-EB-00-00-90
145;0E-11-EB-00-00-91
146;0E-11-EB-00-00-92
147;0E-11-EB-00-00-93
148;0E-11-EB-00-00-94
149;0E-11-EB-00-00-95
150;0E-11-EB-00-00-96
151;0E-11-EB-00-00-97
152;0E-11-EB-00-00-98
153;0E-11-EB-00-00-99
154;0E-11-EB-00-00-9A
155;0E-11-EB-00-00-9B
156;0E-11-EB-00-00-9C
157;0E-11-EB-00-00-9D
158;0E-11-EB-00-00-9E
159;0E-11-EB-00-00-9F
160;0E-11-EB-00-00-A0
161;0E-11-EB-00-00-A1
162;0E-11-EB-00-00-A2
163;0E-11-EB-00-00-A3
164;0E-11-EB-00-00-A4
165;0E-11-EB-00-00-A5
166;0E-11-EB-00-00-A6
167;0E-11-EB-00-00-A7
168;0E-11-EB-00-00-A8
169;0E-11-EB-00-00-A9
170;0E-11-EB-00-00-AA
171;0E-11-EB-00-00-AB
172;0E-11-EB-00-00-AC
173;0E-11-EB-00-00-AD
174;0E-11-EB-00-00-AE
175;0E-11-EB-00-00-AF
176;0E-11-EB-00-00-B0
177;0E-11-EB-00-00-B1
178;0E-11-EB-00-00-B2
179;0E-11-EB-00-00-B3
180;0E-11-EB-00-00-B4
181;0E-11-EB-00-00-B5
182;0E-11-EB-00-00-B6
183;0E-11-EB-00-00-B7
184;0E-11-EB-00-00-B8
185;0E-11-EB-00-00-B9
186;0E-11-EB-00-00-BA
187;0E-11-EB-00-00-BB
188;0E-11-EB-00-00-BC
189;0E-11-EB-00-00-BD
190;0E-11-EB-00-00-BE
191;0E-11-EB-00-00-BF
192;0E-11-EB-00-00-C0
193;0E-11-EB-00-00-C1
194;0E-11-EB-00-00-C2
195;0E-11-EB-00-00-C3
196;0E-11-EB-00-00-C4
197;0E-11-EB-00-00-C5
198;0E-11-EB-00-00-C6
199;0E-11-EB-00-00-C7
200;0E-11-EB-00-00-C8
