'Date',0,'DAC_VOLTAGE_GAIN_0','DAC_VOLTAGE_OFFSET_0','ADC_U_LOAD_GAIN_0','ADC_U_LOAD_OFFSET_0','ADC_U_REGULATOR_GAIN_0','ADC_U_REGULATOR_OFFSET_0','ADC_I_MON_GAIN_0','ADC_I_MON_OFFSET_0','DAC_CURRENT_GAIN_0','DAC_CURRENT_OFFSET_0',1,'DAC_VOLTAGE_GAIN_1','DAC_VOLTAGE_OFFSET_1','ADC_U_LOAD_GAIN_1','ADC_U_LOAD_OFFSET_1','ADC_U_REGULATOR_GAIN_1','ADC_U_REGULATOR_OFFSET_1','ADC_I_MON_GAIN_1','ADC_I_MON_OFFSET_1','DAC_CURRENT_GAIN_1','DAC_CURRENT_OFFSET_1',2,'DAC_VOLTAGE_GAIN_2','DAC_VOLTAGE_OFFSET_2','ADC_U_LOAD_GAIN_2','ADC_U_LOAD_OFFSET_2','ADC_U_REGULATOR_GAIN_2','ADC_U_REGULATOR_OFFSET_2','ADC_I_MON_GAIN_2','ADC_I_MON_OFFSET_2','DAC_CURRENT_GAIN_2','DAC_CURRENT_OFFSET_2',3,'DAC_VOLTAGE_GAIN_3','DAC_VOLTAGE_OFFSET_3','ADC_U_LOAD_GAIN_3','ADC_U_LOAD_OFFSET_3','ADC_U_REGULATOR_GAIN_3','ADC_U_REGULATOR_OFFSET_3','ADC_I_MON_GAIN_3','ADC_I_MON_OFFSET_3','DAC_CURRENT_GAIN_3','DAC_CURRENT_OFFSET_3',4,'DAC_VOLTAGE_GAIN_4','DAC_VOLTAGE_OFFSET_4','ADC_U_LOAD_GAIN_4','ADC_U_LOAD_OFFSET_4','ADC_U_REGULATOR_GAIN_4','ADC_U_REGULATOR_OFFSET_4','ADC_I_MON_GAIN_4','ADC_I_MON_OFFSET_4','DAC_CURRENT_GAIN_4','DAC_CURRENT_OFFSET_4',5,'DAC_VOLTAGE_GAIN_5','DAC_VOLTAGE_OFFSET_5','ADC_U_LOAD_GAIN_5','ADC_U_LOAD_OFFSET_5','ADC_U_REGULATOR_GAIN_5','ADC_U_REGULATOR_OFFSET_5','ADC_I_MON_GAIN_5','ADC_I_MON_OFFSET_5','DAC_CURRENT_GAIN_5','DAC_CURRENT_OFFSET_5',6,'DAC_VOLTAGE_GAIN_6','DAC_VOLTAGE_OFFSET_6','ADC_U_LOAD_GAIN_6','ADC_U_LOAD_OFFSET_6','ADC_U_REGULATOR_GAIN_6','ADC_U_REGULATOR_OFFSET_6','ADC_I_MON_GAIN_6','ADC_I_MON_OFFSET_6','DAC_CURRENT_GAIN_6','DAC_CURRENT_OFFSET_6',7,'DAC_VOLTAGE_GAIN_7','DAC_VOLTAGE_OFFSET_7','ADC_U_LOAD_GAIN_7','ADC_U_LOAD_OFFSET_7','ADC_U_REGULATOR_GAIN_7','ADC_U_REGULATOR_OFFSET_7','ADC_I_MON_GAIN_7','ADC_I_MON_OFFSET_7','DAC_CURRENT_GAIN_7','DAC_CURRENT_OFFSET_7',8,'DAC_VOLTAGE_GAIN_8','DAC_VOLTAGE_OFFSET_8','ADC_U_LOAD_GAIN_8','ADC_U_LOAD_OFFSET_8','ADC_U_REGULATOR_GAIN_8','ADC_U_REGULATOR_OFFSET_8','ADC_I_MON_GAIN_8','ADC_I_MON_OFFSET_8','DAC_CURRENT_GAIN_8','DAC_CURRENT_OFFSET_8',9,'DAC_VOLTAGE_GAIN_9','DAC_VOLTAGE_OFFSET_9','ADC_U_LOAD_GAIN_9','ADC_U_LOAD_OFFSET_9','ADC_U_REGULATOR_GAIN_9','ADC_U_REGULATOR_OFFSET_9','ADC_I_MON_GAIN_9','ADC_I_MON_OFFSET_9','DAC_CURRENT_GAIN_9','DAC_CURRENT_OFFSET_9',10,'DAC_VOLTAGE_GAIN_10','DAC_VOLTAGE_OFFSET_10','ADC_U_LOAD_GAIN_10','ADC_U_LOAD_OFFSET_10','ADC_U_REGULATOR_GAIN_10','ADC_U_REGULATOR_OFFSET_10','ADC_I_MON_GAIN_10','ADC_I_MON_OFFSET_10','DAC_CURRENT_GAIN_10','DAC_CURRENT_OFFSET_10',11,'DAC_VOLTAGE_GAIN_11','DAC_VOLTAGE_OFFSET_11','ADC_U_LOAD_GAIN_11','ADC_U_LOAD_OFFSET_11','ADC_U_REGULATOR_GAIN_11','ADC_U_REGULATOR_OFFSET_11','ADC_I_MON_GAIN_11','ADC_I_MON_OFFSET_11','DAC_CURRENT_GAIN_11','DAC_CURRENT_OFFSET_11',12,'DAC_VOLTAGE_GAIN_12','DAC_VOLTAGE_OFFSET_12','ADC_U_LOAD_GAIN_12','ADC_U_LOAD_OFFSET_12','ADC_U_REGULATOR_GAIN_12','ADC_U_REGULATOR_OFFSET_12','ADC_I_MON_GAIN_12','ADC_I_MON_OFFSET_12','DAC_CURRENT_GAIN_12','DAC_CURRENT_OFFSET_12',13,'DAC_VOLTAGE_GAIN_13','DAC_VOLTAGE_OFFSET_13','ADC_U_LOAD_GAIN_13','ADC_U_LOAD_OFFSET_13','ADC_U_REGULATOR_GAIN_13','ADC_U_REGULATOR_OFFSET_13','ADC_I_MON_GAIN_13','ADC_I_MON_OFFSET_13','DAC_CURRENT_GAIN_13','DAC_CURRENT_OFFSET_13',14,'DAC_VOLTAGE_GAIN_14','DAC_VOLTAGE_OFFSET_14','ADC_U_LOAD_GAIN_14','ADC_U_LOAD_OFFSET_14','ADC_U_REGULATOR_GAIN_14','ADC_U_REGULATOR_OFFSET_14','ADC_I_MON_GAIN_14','ADC_I_MON_OFFSET_14','DAC_CURRENT_GAIN_14','DAC_CURRENT_OFFSET_14',15,'DAC_VOLTAGE_GAIN_15','DAC_VOLTAGE_OFFSET_15','ADC_U_LOAD_GAIN_15','ADC_U_LOAD_OFFSET_15','ADC_U_REGULATOR_GAIN_15','ADC_U_REGULATOR_OFFSET_15','ADC_I_MON_GAIN_15','ADC_I_MON_OFFSET_15','DAC_CURRENT_GAIN_15','DAC_CURRENT_OFFSET_15',16,'DAC_VOLTAGE_GAIN_16','DAC_VOLTAGE_OFFSET_16','ADC_U_LOAD_GAIN_16','ADC_U_LOAD_OFFSET_16','ADC_U_REGULATOR_GAIN_16','ADC_U_REGULATOR_OFFSET_16','ADC_I_MON_GAIN_16','ADC_I_MON_OFFSET_16','DAC_CURRENT_GAIN_16','DAC_CURRENT_OFFSET_16',17,'DAC_VOLTAGE_GAIN_17','DAC_VOLTAGE_OFFSET_17','ADC_U_LOAD_GAIN_17','ADC_U_LOAD_OFFSET_17','ADC_U_REGULATOR_GAIN_17','ADC_U_REGULATOR_OFFSET_17','ADC_I_MON_GAIN_17','ADC_I_MON_OFFSET_17','DAC_CURRENT_GAIN_17','DAC_CURRENT_OFFSET_17',18,'DAC_VOLTAGE_GAIN_18','DAC_VOLTAGE_OFFSET_18','ADC_U_LOAD_GAIN_18','ADC_U_LOAD_OFFSET_18','ADC_U_REGULATOR_GAIN_18','ADC_U_REGULATOR_OFFSET_18','ADC_I_MON_GAIN_18','ADC_I_MON_OFFSET_18','DAC_CURRENT_GAIN_18','DAC_CURRENT_OFFSET_18',19,'DAC_VOLTAGE_GAIN_19','DAC_VOLTAGE_OFFSET_19','ADC_U_LOAD_GAIN_19','ADC_U_LOAD_OFFSET_19','ADC_U_REGULATOR_GAIN_19','ADC_U_REGULATOR_OFFSET_19','ADC_I_MON_GAIN_19','ADC_I_MON_OFFSET_19','DAC_CURRENT_GAIN_19','DAC_CURRENT_OFFSET_19',20,'DAC_VOLTAGE_GAIN_20','DAC_VOLTAGE_OFFSET_20','ADC_U_LOAD_GAIN_20','ADC_U_LOAD_OFFSET_20','ADC_U_REGULATOR_GAIN_20','ADC_U_REGULATOR_OFFSET_20','ADC_I_MON_GAIN_20','ADC_I_MON_OFFSET_20','DAC_CURRENT_GAIN_20','DAC_CURRENT_OFFSET_20',21,'DAC_VOLTAGE_GAIN_21','DAC_VOLTAGE_OFFSET_21','ADC_U_LOAD_GAIN_21','ADC_U_LOAD_OFFSET_21','ADC_U_REGULATOR_GAIN_21','ADC_U_REGULATOR_OFFSET_21','ADC_I_MON_GAIN_21','ADC_I_MON_OFFSET_21','DAC_CURRENT_GAIN_21','DAC_CURRENT_OFFSET_21',22,'DAC_VOLTAGE_GAIN_22','DAC_VOLTAGE_OFFSET_22','ADC_U_LOAD_GAIN_22','ADC_U_LOAD_OFFSET_22','ADC_U_REGULATOR_GAIN_22','ADC_U_REGULATOR_OFFSET_22','ADC_I_MON_GAIN_22','ADC_I_MON_OFFSET_22','DAC_CURRENT_GAIN_22','DAC_CURRENT_OFFSET_22',23,'DAC_VOLTAGE_GAIN_23','DAC_VOLTAGE_OFFSET_23','ADC_U_LOAD_GAIN_23','ADC_U_LOAD_OFFSET_23','ADC_U_REGULATOR_GAIN_23','ADC_U_REGULATOR_OFFSET_23','ADC_I_MON_GAIN_23','ADC_I_MON_OFFSET_23','DAC_CURRENT_GAIN_23','DAC_CURRENT_OFFSET_23'
2022-05-19,0,10015.0,160.0,4643.0,-756.0,10000.0,-776.0,-9924.0,-227.0,-10058.0,-1762.0,1,10015.0,229.0,4643.0,-716.0,9997.0,-763.0,-148906.0,4444.0,-667.0,90.0,2,10016.0,115.0,4645.0,-694.0,9997.0,-697.0,-10039.0,3.0,-10055.0,-304.0,3,10016.0,250.0,4643.0,-706.0,9996.0,-773.0,-9908.0,-320.0,-10121.0,-1355.0,4,10015.0,116.0,4640.0,-801.0,9987.0,-864.0,-10019.0,-618.0,-10050.0,997.0,5,20020.0,232.0,4640.0,-823.0,4571.0,-857.0,-150673.0,10256.0,-668.0,72.0,6,9864.0,1095.0,4640.0,-821.0,9988.0,-930.0,-10011.0,-863.0,-10034.0,-354.0,7,10014.0,164.0,4642.0,-957.0,9983.0,-821.0,-9899.0,-699.0,10003.0,-412.0,8,-41583.0,641288.0,2753.0,-563.0,1887.0,-587.0,-296061.0,206.0,654.0,51.0,9,-41596.0,641515.0,2754.0,-529.0,1887.0,-556.0,-296275.0,-96.0,663.0,-76.0,10,-41585.0,641406.0,2754.0,-534.0,1887.0,-537.0,-296457.0,522.0,655.0,-5.0,11,-41592.0,641532.0,2754.0,-579.0,1887.0,-499.0,-297011.0,117.0,654.0,3.0,12,21965.0,262.0,2608.0,-571.0,2593.0,-513.0,-296313.0,-649.0,-672.0,-1.0,13,-232876.0,-4759.0,432.0,1173.0,434.0,177.0,-11987229.0,4600.0,10.0,11.0,14,-21470.0,-185.0,2607.0,-458.0,2592.0,-421.0,-297703.0,2041.0,666.0,-76.0,15,43844.0,626.0,1819.0,-565.0,1808.0,-579.0,-296111.0,396.0,-667.0,-51.0,16,-41571.0,640977.0,2757.0,-603.0,3047.0,-659.0,-295331.0,-1529.0,661.0,-21.0,17,-41560.0,640661.0,2757.0,-555.0,3048.0,-645.0,-295061.0,-542.0,661.0,-41.0,18,-41562.0,640923.0,2756.0,-633.0,3048.0,-636.0,-295901.0,-190.0,658.0,38.0,19,-41584.0,641160.0,2756.0,-638.0,3048.0,-648.0,-295126.0,-546.0,664.0,30.0,20,55700.0,821.0,1480.0,-659.0,1480.0,-773.0,-294119.0,1110.0,-668.0,-64.0,21,-43033.0,-551.0,2556.0,-574.0,2555.0,-684.0,-295096.0,-583.0,655.0,-1.0,22,-43044.0,-529.0,2556.0,-577.0,2555.0,-661.0,-294169.0,-2438.0,661.0,5.0,23,55717.0,787.0,1481.0,-771.0,1480.0,-806.0,-295514.0,628.0,-667.0,-18.0
2022-07-02,0,10015.0,151.0,4644.0,-761.0,9996.0,-744.0,-9903.0,-123.0,-10060.0,-1749.0,1,10015.0,223.0,4643.0,-731.0,9996.0,-747.0,-149359.0,4889.0,-667.0,90.0,2,10015.0,109.0,4644.0,-666.0,9997.0,-712.0,-10012.0,108.0,-10056.0,-296.0,3,10016.0,242.0,4646.0,-741.0,9995.0,-740.0,-9929.0,-556.0,-10123.0,-1340.0,4,10015.0,110.0,4636.0,-767.0,9986.0,-846.0,-10021.0,-692.0,-10050.0,990.0,5,20018.0,226.0,4640.0,-834.0,4571.0,-846.0,-150910.0,9339.0,-668.0,73.0,6,9862.0,1090.0,4638.0,-815.0,9986.0,-902.0,-10001.0,-518.0,-10034.0,-343.0,7,10014.0,155.0,4656.0,-1089.0,9988.0,-861.0,-9904.0,-665.0,10004.0,-403.0,8,-41584.0,641256.0,2752.0,-544.0,1886.0,-594.0,-295871.0,250.0,654.0,50.0,9,-41598.0,641491.0,2754.0,-496.0,1887.0,-562.0,-296311.0,-159.0,664.0,-76.0,10,-41587.0,641377.0,2754.0,-495.0,1887.0,-536.0,-296486.0,597.0,655.0,-6.0,11,-41593.0,641502.0,2754.0,-574.0,1887.0,-507.0,-296865.0,201.0,655.0,2.0,12,21964.0,238.0,2608.0,-566.0,2593.0,-533.0,-296918.0,-470.0,-672.0,-1.0,13,-232900.0,-4976.0,432.0,1171.0,434.0,129.0,-11996381.0,4585.0,10.0,11.0,14,-21472.0,-215.0,2606.0,-458.0,2591.0,-437.0,-296858.0,1787.0,666.0,-76.0,15,43845.0,570.0,1819.0,-573.0,1809.0,-626.0,-295784.0,164.0,-667.0,-51.0,16,-41573.0,640949.0,2757.0,-557.0,3047.0,-638.0,-294394.0,-1597.0,661.0,-21.0,17,-41562.0,640631.0,2757.0,-566.0,3047.0,-598.0,-295802.0,-1121.0,662.0,-40.0,18,-41564.0,640891.0,2756.0,-617.0,3047.0,-610.0,-295285.0,-583.0,659.0,39.0,19,-41586.0,641129.0,2756.0,-616.0,3047.0,-648.0,-294575.0,-487.0,664.0,30.0,20,55697.0,819.0,1481.0,-682.0,1480.0,-765.0,-295273.0,876.0,-668.0,-64.0,21,-43037.0,-571.0,2555.0,-565.0,2555.0,-672.0,-295072.0,-397.0,655.0,-1.0,22,-43050.0,-527.0,2555.0,-546.0,2555.0,-650.0,-294339.0,-2225.0,661.0,5.0,23,55713.0,787.0,1481.0,-751.0,1480.0,-752.0,-295670.0,637.0,-667.0,-18.0
2022-07-02,0,10015.0,147.0,4643.0,-740.0,9997.0,-735.0,-9897.0,32.0,-10059.0,-1750.0,1,10015.0,222.0,4643.0,-716.0,9996.0,-735.0,-150760.0,3736.0,-667.0,90.0,2,10016.0,107.0,4642.0,-646.0,9993.0,-672.0,-9960.0,228.0,-10055.0,-296.0,3,10016.0,242.0,4643.0,-715.0,9994.0,-751.0,-9930.0,-521.0,-10123.0,-1342.0,4,10016.0,109.0,4639.0,-800.0,9984.0,-840.0,-10019.0,-666.0,-10049.0,996.0,5,20018.0,225.0,4640.0,-821.0,4571.0,-844.0,-150337.0,9785.0,-668.0,72.0,6,9863.0,1091.0,4640.0,-846.0,9986.0,-885.0,-10056.0,-1255.0,-10035.0,-342.0,7,10014.0,155.0,4651.0,-1043.0,9983.0,-818.0,-9900.0,-700.0,10005.0,-405.0,8,-41585.0,641274.0,2753.0,-542.0,1886.0,-577.0,-296018.0,383.0,654.0,51.0,9,-41598.0,641497.0,2754.0,-504.0,1887.0,-561.0,-296341.0,-245.0,664.0,-76.0,10,-41587.0,641385.0,2754.0,-492.0,1887.0,-525.0,-296578.0,586.0,655.0,-6.0,11,-41594.0,641506.0,2754.0,-558.0,1886.0,-506.0,-296809.0,147.0,655.0,2.0,12,21964.0,234.0,2607.0,-535.0,2593.0,-505.0,-296741.0,-197.0,-672.0,-1.0,13,-232902.0,-4975.0,432.0,1196.0,434.0,130.0,-11982868.0,4547.0,10.0,11.0,14,-21472.0,-214.0,2606.0,-454.0,2591.0,-401.0,-297408.0,2116.0,666.0,-75.0,15,43845.0,570.0,1819.0,-619.0,1808.0,-547.0,-295865.0,102.0,-667.0,-51.0,16,-41573.0,640953.0,2757.0,-557.0,3047.0,-620.0,-295312.0,-2068.0,661.0,-21.0,17,-41562.0,640639.0,2757.0,-549.0,3047.0,-607.0,-294877.0,-545.0,662.0,-40.0,18,-41564.0,640898.0,2757.0,-589.0,3047.0,-615.0,-295515.0,-579.0,659.0,39.0,19,-41586.0,641136.0,2756.0,-631.0,3047.0,-651.0,-295379.0,-688.0,664.0,30.0,20,55697.0,824.0,1481.0,-671.0,1480.0,-708.0,-295053.0,1590.0,-668.0,-64.0,21,-43035.0,-607.0,2555.0,-568.0,2555.0,-683.0,-295064.0,-539.0,655.0,-1.0,22,-43046.0,-581.0,2556.0,-544.0,2554.0,-680.0,-294644.0,-2561.0,661.0,5.0,23,55714.0,788.0,1481.0,-770.0,1480.0,-811.0,-295364.0,414.0,-667.0,-18.0
2022-07-03,0,10017.0,118.0,4643.0,-735.0,9995.0,-709.0,-9939.0,-431.0,-10061.0,-1739.0,1,10017.0,190.0,4642.0,-719.0,9995.0,-723.0,-151022.0,3568.0,-667.0,90.0,2,10017.0,77.0,4642.0,-627.0,9995.0,-651.0,-10034.0,-79.0,-10057.0,-289.0,3,10017.0,214.0,4641.0,-690.0,9998.0,-741.0,-9896.0,-211.0,-10124.0,-1335.0,4,10017.0,80.0,4639.0,-788.0,9985.0,-838.0,-10019.0,-665.0,-10050.0,1005.0,5,20011.0,195.0,4642.0,-829.0,4572.0,-811.0,-149686.0,10337.0,-668.0,72.0,6,9862.0,1073.0,4642.0,-842.0,9984.0,-864.0,-9943.0,-198.0,-10037.0,-337.0,7,10015.0,128.0,4639.0,-1008.0,9985.0,-807.0,-9896.0,-681.0,10006.0,-399.0,8,-41596.0,641224.0,2752.0,-465.0,1886.0,-543.0,-295978.0,285.0,654.0,50.0,9,-41610.0,641458.0,2753.0,-459.0,1886.0,-498.0,-296239.0,-251.0,664.0,-76.0,10,-41599.0,641345.0,2754.0,-432.0,1886.0,-490.0,-296439.0,523.0,656.0,-6.0,11,-41605.0,641469.0,2753.0,-506.0,1886.0,-444.0,-296854.0,128.0,655.0,2.0,12,21963.0,124.0,2608.0,-514.0,2593.0,-478.0,-296076.0,-484.0,-672.0,-2.0,13,-233017.0,-5965.0,431.0,1229.0,434.0,196.0,-11988811.0,4651.0,10.0,11.0,14,-21482.0,-334.0,2604.0,-448.0,2590.0,-408.0,-296908.0,1921.0,666.0,-76.0,15,43851.0,344.0,1819.0,-528.0,1808.0,-551.0,-296034.0,545.0,-667.0,-52.0,16,-41585.0,640915.0,2756.0,-513.0,3046.0,-551.0,-295586.0,-2035.0,661.0,-22.0,17,-41573.0,640598.0,2756.0,-483.0,3047.0,-545.0,-295254.0,-544.0,662.0,-42.0,18,-41576.0,640862.0,2756.0,-531.0,3047.0,-572.0,-295456.0,-620.0,659.0,38.0,19,-41597.0,641098.0,2755.0,-561.0,3047.0,-570.0,-294824.0,-435.0,665.0,29.0,20,55689.0,819.0,1481.0,-659.0,1480.0,-754.0,-294619.0,451.0,-668.0,-65.0,21,-43047.0,-810.0,2555.0,-506.0,2554.0,-658.0,-295351.0,-381.0,655.0,-1.0,22,-43059.0,-785.0,2555.0,-514.0,2554.0,-581.0,-294709.0,-2072.0,661.0,5.0,23,55705.0,791.0,1481.0,-725.0,1481.0,-768.0,-295305.0,320.0,-667.0,-18.0
2022-07-03,0,10017.0,119.0,4644.0,-759.0,9997.0,-707.0,-9947.0,-319.0,-10061.0,-1739.0,1,10016.0,192.0,4644.0,-722.0,9996.0,-731.0,-150754.0,3743.0,-667.0,90.0,2,10017.0,78.0,4642.0,-623.0,9995.0,-655.0,-9990.0,392.0,-10058.0,-287.0,3,10017.0,215.0,4643.0,-709.0,9994.0,-728.0,-9900.0,-247.0,-10125.0,-1334.0,4,10017.0,80.0,4638.0,-787.0,9984.0,-811.0,-10014.0,-634.0,-10050.0,1005.0,5,20011.0,196.0,4642.0,-839.0,4573.0,-814.0,-149152.0,10532.0,-668.0,72.0,6,9862.0,1074.0,4640.0,-801.0,9989.0,-873.0,-10009.0,-877.0,-10037.0,-336.0,7,10015.0,128.0,4640.0,-1041.0,9982.0,-782.0,-9897.0,-698.0,10006.0,-396.0,8,-41596.0,641232.0,2752.0,-480.0,1886.0,-528.0,-296006.0,367.0,654.0,50.0,9,-41610.0,641464.0,2753.0,-449.0,1886.0,-495.0,-296156.0,-165.0,664.0,-77.0,10,-41599.0,641350.0,2753.0,-457.0,1886.0,-504.0,-296658.0,574.0,656.0,-6.0,11,-41605.0,641472.0,2753.0,-515.0,1886.0,-453.0,-296493.0,204.0,655.0,2.0,12,21963.0,125.0,2607.0,-500.0,2593.0,-474.0,-297095.0,-660.0,-672.0,-2.0,13,-233015.0,-5945.0,432.0,1223.0,434.0,194.0,-11977576.0,4590.0,10.0,11.0,14,-21482.0,-327.0,2605.0,-435.0,2590.0,-389.0,-296881.0,1891.0,666.0,-76.0,15,43851.0,350.0,1819.0,-538.0,1808.0,-522.0,-296128.0,25.0,-667.0,-52.0,16,-41585.0,640920.0,2756.0,-503.0,3046.0,-554.0,-295260.0,-1857.0,661.0,-22.0,17,-41573.0,640601.0,2756.0,-474.0,3047.0,-530.0,-294460.0,-575.0,662.0,-42.0,18,-41576.0,640866.0,2756.0,-532.0,3046.0,-569.0,-294936.0,-607.0,659.0,38.0,19,-41598.0,641105.0,2755.0,-582.0,3047.0,-564.0,-295367.0,-406.0,664.0,29.0,20,55689.0,819.0,1481.0,-670.0,1480.0,-713.0,-294630.0,474.0,-668.0,-65.0,21,-43047.0,-805.0,2555.0,-495.0,2554.0,-586.0,-294428.0,-962.0,655.0,-1.0,22,-43058.0,-781.0,2555.0,-508.0,2554.0,-639.0,-295792.0,-2516.0,661.0,5.0,23,55706.0,793.0,1481.0,-769.0,1481.0,-802.0,-295136.0,214.0,-667.0,-18.0
2022-07-04,0,10016.0,128.0,4642.0,-731.0,9997.0,-738.0,-9913.0,-284.0,-10062.0,-1734.0,1,10016.0,202.0,4643.0,-731.0,9998.0,-744.0,-149956.0,3972.0,-667.0,90.0,2,10017.0,86.0,4643.0,-644.0,9995.0,-676.0,-9964.0,386.0,-10058.0,-289.0,3,10017.0,222.0,4642.0,-703.0,9995.0,-746.0,-9908.0,-383.0,-10125.0,-1334.0,4,10016.0,89.0,4636.0,-775.0,9984.0,-837.0,-10020.0,-694.0,-10051.0,1001.0,5,20013.0,205.0,4642.0,-846.0,4574.0,-888.0,-151052.0,9632.0,-668.0,72.0,6,9860.0,1074.0,4643.0,-853.0,9986.0,-875.0,-9967.0,-951.0,-10038.0,-339.0,7,10015.0,135.0,4640.0,-994.0,9984.0,-801.0,-9895.0,-711.0,10007.0,-399.0,8,-41595.0,641249.0,2752.0,-471.0,1886.0,-540.0,-296036.0,285.0,654.0,50.0,9,-41608.0,641479.0,2753.0,-444.0,1886.0,-530.0,-296098.0,-134.0,664.0,-76.0,10,-41597.0,641364.0,2754.0,-453.0,1886.0,-481.0,-296283.0,547.0,656.0,-6.0,11,-41603.0,641482.0,2753.0,-514.0,1887.0,-443.0,-296816.0,334.0,655.0,2.0,12,21963.0,145.0,2608.0,-527.0,2593.0,-457.0,-295663.0,-626.0,-672.0,-1.0,13,-232997.0,-5704.0,432.0,1208.0,434.0,220.0,-11989110.0,4508.0,10.0,11.0,14,-21480.0,-306.0,2605.0,-462.0,2590.0,-417.0,-297019.0,1832.0,666.0,-75.0,15,43850.0,393.0,1819.0,-582.0,1808.0,-559.0,-296467.0,136.0,-667.0,-52.0,16,-41583.0,640930.0,2757.0,-496.0,3047.0,-578.0,-295076.0,-1542.0,661.0,-22.0,17,-41572.0,640618.0,2756.0,-535.0,3047.0,-535.0,-295192.0,-427.0,662.0,-42.0,18,-41574.0,640879.0,2756.0,-543.0,3047.0,-577.0,-294913.0,-253.0,659.0,38.0,19,-41596.0,641117.0,2756.0,-583.0,3047.0,-596.0,-294255.0,-413.0,664.0,29.0,20,55691.0,818.0,1481.0,-669.0,1480.0,-741.0,-294665.0,753.0,-668.0,-64.0,21,-43044.0,-775.0,2555.0,-485.0,2555.0,-613.0,-295419.0,-230.0,655.0,-1.0,22,-43055.0,-746.0,2555.0,-509.0,2554.0,-636.0,-294898.0,-2418.0,661.0,5.0,23,55708.0,791.0,1481.0,-771.0,1480.0,-777.0,-296047.0,-342.0,-668.0,-17.0
2022-07-04,0,10017.0,126.0,4643.0,-748.0,9996.0,-717.0,-9894.0,93.0,-10062.0,-1736.0,1,10016.0,198.0,4642.0,-722.0,9996.0,-725.0,-149721.0,4175.0,-667.0,90.0,2,10017.0,84.0,4644.0,-678.0,9997.0,-702.0,-9995.0,64.0,-10058.0,-287.0,3,10017.0,219.0,4641.0,-699.0,9995.0,-738.0,-9893.0,-225.0,-10126.0,-1333.0,4,10017.0,88.0,4636.0,-756.0,9982.0,-799.0,-10015.0,-668.0,-10051.0,999.0,5,20013.0,204.0,4642.0,-854.0,4572.0,-813.0,-150768.0,9777.0,-668.0,71.0,6,9860.0,1070.0,4641.0,-816.0,9979.0,-841.0,-10008.0,-823.0,-10039.0,-338.0,7,10015.0,136.0,4644.0,-987.0,9983.0,-775.0,-9896.0,-687.0,10007.0,-398.0,8,-41595.0,641255.0,2752.0,-482.0,1886.0,-534.0,-295859.0,339.0,654.0,50.0,9,-41608.0,641486.0,2753.0,-463.0,1886.0,-514.0,-296103.0,-26.0,664.0,-76.0,10,-41597.0,641368.0,2754.0,-458.0,1887.0,-494.0,-296692.0,707.0,656.0,-6.0,11,-41603.0,641494.0,2753.0,-533.0,1886.0,-452.0,-296639.0,299.0,655.0,2.0,12,21964.0,149.0,2607.0,-481.0,2593.0,-498.0,-296454.0,-624.0,-672.0,-2.0,13,-232997.0,-5679.0,432.0,1219.0,434.0,169.0,-11976811.0,4398.0,10.0,11.0,14,-21480.0,-299.0,2604.0,-489.0,2590.0,-408.0,-296583.0,1956.0,666.0,-75.0,15,43851.0,413.0,1819.0,-546.0,1808.0,-565.0,-296297.0,8.0,-668.0,-52.0,16,-41583.0,640947.0,2756.0,-518.0,3047.0,-572.0,-295360.0,-1977.0,661.0,-22.0,17,-41571.0,640629.0,2756.0,-522.0,3047.0,-578.0,-295166.0,-860.0,662.0,-42.0,18,-41574.0,640884.0,2756.0,-526.0,3047.0,-580.0,-295517.0,-343.0,659.0,38.0,19,-41596.0,641127.0,2755.0,-565.0,3047.0,-594.0,-295117.0,-563.0,665.0,29.0,20,55691.0,815.0,1481.0,-658.0,1480.0,-762.0,-294900.0,494.0,-668.0,-64.0,21,-43047.0,-714.0,2555.0,-498.0,2554.0,-637.0,-296218.0,-373.0,655.0,-1.0,22,-43061.0,-670.0,2555.0,-485.0,2554.0,-642.0,-294947.0,-2009.0,661.0,4.0,23,55708.0,789.0,1481.0,-719.0,1480.0,-786.0,-294417.0,871.0,-668.0,-17.0
2022-07-05,0,10017.0,122.0,4641.0,-732.0,9998.0,-745.0,-9974.0,-524.0,-10061.0,-1738.0,1,10016.0,197.0,4642.0,-690.0,9996.0,-719.0,-149921.0,4402.0,-667.0,90.0,2,10017.0,82.0,4640.0,-612.0,9996.0,-670.0,-9961.0,225.0,-10058.0,-287.0,3,10017.0,219.0,4638.0,-669.0,9994.0,-731.0,-9930.0,-569.0,-10125.0,-1333.0,4,10017.0,85.0,4638.0,-771.0,9985.0,-850.0,-10015.0,-658.0,-10051.0,1004.0,5,20012.0,201.0,4640.0,-789.0,4572.0,-835.0,-149141.0,10303.0,-668.0,71.0,6,9864.0,1079.0,4638.0,-799.0,9987.0,-879.0,-10062.0,-1400.0,-10038.0,-336.0,7,10015.0,133.0,4635.0,-866.0,9980.0,-763.0,-9900.0,-688.0,10007.0,-399.0,8,-41595.0,641247.0,2752.0,-493.0,1886.0,-541.0,-295720.0,306.0,654.0,50.0,9,-41609.0,641474.0,2753.0,-451.0,1887.0,-509.0,-296200.0,-158.0,664.0,-76.0,10,-41597.0,641360.0,2754.0,-448.0,1886.0,-511.0,-296371.0,576.0,656.0,-6.0,11,-41604.0,641483.0,2753.0,-494.0,1886.0,-460.0,-297038.0,173.0,655.0,1.0,12,21963.0,140.0,2607.0,-490.0,2594.0,-519.0,-296373.0,219.0,-672.0,-1.0,13,-233002.0,-5793.0,432.0,1208.0,434.0,175.0,-11988582.0,4549.0,10.0,11.0,14,-21481.0,-310.0,2605.0,-455.0,2590.0,-416.0,-297232.0,1823.0,666.0,-76.0,15,43851.0,388.0,1819.0,-574.0,1808.0,-530.0,-296044.0,414.0,-668.0,-52.0,16,-41583.0,640934.0,2756.0,-527.0,3047.0,-567.0,-295179.0,-1259.0,661.0,-22.0,17,-41572.0,640618.0,2756.0,-524.0,3047.0,-568.0,-295513.0,-391.0,662.0,-42.0,18,-41574.0,640877.0,2756.0,-548.0,3047.0,-578.0,-295950.0,-608.0,659.0,38.0,19,-41596.0,641120.0,2756.0,-565.0,3047.0,-602.0,-295186.0,-272.0,665.0,29.0,20,55691.0,816.0,1481.0,-660.0,1480.0,-754.0,-294936.0,883.0,-668.0,-64.0,21,-43048.0,-731.0,2555.0,-533.0,2554.0,-642.0,-294985.0,-216.0,655.0,-1.0,22,-43061.0,-689.0,2555.0,-504.0,2554.0,-612.0,-294370.0,-1907.0,661.0,5.0,23,55708.0,786.0,1481.0,-773.0,1481.0,-789.0,-295440.0,116.0,-668.0,-17.0
2022-07-05,0,10017.0,123.0,4641.0,-718.0,9995.0,-715.0,-10021.0,-625.0,-10061.0,-1738.0,1,10016.0,196.0,4642.0,-719.0,9998.0,-743.0,-151968.0,3302.0,-667.0,90.0,2,10017.0,82.0,4638.0,-604.0,9997.0,-688.0,-9970.0,616.0,-10059.0,-285.0,3,10017.0,219.0,4641.0,-694.0,9995.0,-724.0,-9891.0,-204.0,-10126.0,-1332.0,4,10017.0,84.0,4636.0,-766.0,9985.0,-829.0,-10015.0,-637.0,-10051.0,1006.0,5,20013.0,199.0,4641.0,-847.0,4573.0,-842.0,-149870.0,10082.0,-668.0,72.0,6,9862.0,1075.0,4639.0,-813.0,9986.0,-887.0,-9990.0,-776.0,-10038.0,-335.0,7,10015.0,134.0,4627.0,-710.0,9988.0,-835.0,-9899.0,-713.0,10007.0,-399.0,8,-41595.0,641248.0,2752.0,-503.0,1886.0,-556.0,-295647.0,216.0,654.0,50.0,9,-41609.0,641480.0,2753.0,-463.0,1886.0,-522.0,-296317.0,-207.0,664.0,-76.0,10,-41598.0,641363.0,2754.0,-464.0,1886.0,-491.0,-296219.0,667.0,656.0,-6.0,11,-41604.0,641491.0,2753.0,-504.0,1886.0,-454.0,-296985.0,173.0,655.0,2.0,12,21963.0,141.0,2607.0,-504.0,2593.0,-482.0,-296542.0,-103.0,-672.0,-2.0,13,-233003.0,-5781.0,432.0,1202.0,434.0,193.0,-11974115.0,4503.0,10.0,11.0,14,-21481.0,-311.0,2605.0,-429.0,2590.0,-405.0,-296734.0,2052.0,666.0,-76.0,15,43851.0,383.0,1819.0,-546.0,1808.0,-512.0,-296297.0,236.0,-667.0,-52.0,16,-41584.0,640932.0,2756.0,-536.0,3047.0,-562.0,-294202.0,-1908.0,661.0,-22.0,17,-41572.0,640616.0,2756.0,-531.0,3047.0,-567.0,-295335.0,-489.0,662.0,-42.0,18,-41575.0,640875.0,2756.0,-550.0,3047.0,-558.0,-295432.0,75.0,659.0,38.0,19,-41597.0,641117.0,2755.0,-566.0,3047.0,-574.0,-295232.0,-210.0,664.0,29.0,20,55691.0,818.0,1481.0,-706.0,1480.0,-763.0,-293842.0,944.0,-668.0,-64.0,21,-43046.0,-780.0,2555.0,-524.0,2554.0,-668.0,-295948.0,-866.0,655.0,-1.0,22,-43057.0,-758.0,2555.0,-550.0,2554.0,-585.0,-295020.0,-2109.0,661.0,5.0,23,55708.0,788.0,1481.0,-742.0,1480.0,-783.0,-295374.0,42.0,-668.0,-17.0
2022-07-06,0,10016.0,133.0,4641.0,-738.0,9998.0,-732.0,-9850.0,105.0,-10061.0,-1736.0,1,10016.0,206.0,4641.0,-708.0,9997.0,-736.0,-151250.0,3471.0,-667.0,90.0,2,10017.0,91.0,4642.0,-629.0,10000.0,-723.0,-9990.0,338.0,-10058.0,-288.0,3,10017.0,226.0,4646.0,-720.0,9996.0,-762.0,-9929.0,-563.0,-10125.0,-1332.0,4,10016.0,93.0,4633.0,-744.0,9986.0,-852.0,-10020.0,-670.0,-10051.0,1000.0,5,20015.0,209.0,4641.0,-834.0,4572.0,-834.0,-150584.0,9884.0,-668.0,72.0,6,9866.0,1083.0,4640.0,-819.0,10020.0,-1077.0,-9978.0,6.0,-10038.0,-335.0,7,10015.0,141.0,4638.0,-971.0,9985.0,-829.0,-9895.0,-723.0,10006.0,-400.0,8,-41593.0,641259.0,2752.0,-494.0,1886.0,-540.0,-296185.0,337.0,654.0,50.0,9,-41606.0,641494.0,2753.0,-470.0,1886.0,-528.0,-296079.0,-66.0,664.0,-76.0,10,-41595.0,641384.0,2754.0,-467.0,1886.0,-499.0,-296258.0,621.0,656.0,-6.0,11,-41602.0,641504.0,2753.0,-526.0,1887.0,-462.0,-296677.0,232.0,655.0,1.0,12,21964.0,166.0,2607.0,-499.0,2593.0,-483.0,-296359.0,-346.0,-672.0,-1.0,13,-232980.0,-5527.0,432.0,1210.0,434.0,183.0,-11975162.0,4450.0,10.0,11.0,14,-21479.0,-283.0,2605.0,-443.0,2591.0,-386.0,-297014.0,2182.0,666.0,-76.0,15,43850.0,439.0,1819.0,-567.0,1808.0,-575.0,-296747.0,158.0,-668.0,-52.0,16,-41581.0,640948.0,2757.0,-503.0,3047.0,-588.0,-294556.0,-1605.0,661.0,-21.0,17,-41570.0,640631.0,2756.0,-537.0,3047.0,-592.0,-294969.0,-37.0,662.0,-42.0,18,-41572.0,640887.0,2756.0,-565.0,3047.0,-579.0,-294950.0,-69.0,659.0,38.0,19,-41594.0,641131.0,2756.0,-607.0,3047.0,-598.0,-295108.0,-336.0,664.0,30.0,20,55693.0,811.0,1481.0,-650.0,1481.0,-787.0,-294954.0,877.0,-668.0,-64.0,21,-43046.0,-688.0,2555.0,-499.0,2554.0,-640.0,-295869.0,-651.0,655.0,-1.0,22,-43059.0,-646.0,2555.0,-513.0,2554.0,-654.0,-295346.0,-1860.0,661.0,5.0,23,55710.0,785.0,1481.0,-731.0,1480.0,-773.0,-294548.0,-548.0,-668.0,-17.0
2022-07-06,0,10016.0,128.0,4642.0,-736.0,9999.0,-751.0,-9900.0,-114.0,-10061.0,-1736.0,1,10016.0,203.0,4646.0,-749.0,9996.0,-731.0,-150644.0,3492.0,-667.0,90.0,2,10017.0,88.0,4644.0,-653.0,9994.0,-648.0,-9913.0,760.0,-10058.0,-287.0,3,10017.0,224.0,4643.0,-720.0,9996.0,-734.0,-9911.0,-372.0,-10125.0,-1333.0,4,10016.0,91.0,4637.0,-776.0,9986.0,-839.0,-10021.0,-696.0,-10050.0,1001.0,5,20014.0,207.0,4640.0,-833.0,4572.0,-859.0,-150086.0,10326.0,-668.0,72.0,6,9861.0,1074.0,4643.0,-852.0,9987.0,-859.0,-9904.0,-257.0,-10038.0,-336.0,7,10015.0,139.0,4637.0,-963.0,9985.0,-819.0,-9902.0,-666.0,10006.0,-402.0,8,-41593.0,641257.0,2752.0,-501.0,1886.0,-533.0,-296080.0,304.0,654.0,50.0,9,-41607.0,641489.0,2753.0,-473.0,1886.0,-535.0,-296562.0,-278.0,664.0,-76.0,10,-41596.0,641377.0,2754.0,-467.0,1887.0,-505.0,-296647.0,786.0,656.0,-6.0,11,-41602.0,641496.0,2753.0,-511.0,1886.0,-463.0,-296549.0,150.0,655.0,2.0,12,21964.0,161.0,2607.0,-493.0,2594.0,-522.0,-296619.0,-340.0,-672.0,-1.0,13,-232983.0,-5569.0,432.0,1238.0,434.0,183.0,-11971879.0,4472.0,10.0,11.0,14,-21479.0,-286.0,2605.0,-447.0,2591.0,-371.0,-297354.0,2077.0,666.0,-75.0,15,43850.0,432.0,1819.0,-565.0,1808.0,-537.0,-296348.0,79.0,-667.0,-52.0,16,-41582.0,640949.0,2756.0,-549.0,3047.0,-567.0,-294615.0,-1759.0,661.0,-22.0,17,-41570.0,640628.0,2756.0,-507.0,3047.0,-578.0,-295085.0,-576.0,662.0,-42.0,18,-41573.0,640889.0,2756.0,-591.0,3047.0,-584.0,-294932.0,-58.0,659.0,38.0,19,-41595.0,641132.0,2756.0,-572.0,3047.0,-596.0,-295408.0,-200.0,664.0,30.0,20,55693.0,814.0,1481.0,-675.0,1480.0,-740.0,-295194.0,1065.0,-668.0,-64.0,21,-43043.0,-737.0,2555.0,-536.0,2554.0,-633.0,-294976.0,-242.0,655.0,-1.0,22,-43054.0,-715.0,2555.0,-578.0,2554.0,-590.0,-294673.0,-2169.0,661.0,5.0,23,55710.0,783.0,1481.0,-795.0,1480.0,-802.0,-295290.0,164.0,-668.0,-17.0
2022-07-06,0,10017.0,129.0,4644.0,-751.0,9996.0,-711.0,-9913.0,-328.0,-10062.0,-1734.0,1,10016.0,203.0,4643.0,-712.0,9997.0,-743.0,-147298.0,5888.0,-667.0,90.0,2,10017.0,88.0,4645.0,-672.0,9994.0,-661.0,-10005.0,151.0,-10058.0,-286.0,3,10017.0,224.0,4647.0,-750.0,9997.0,-761.0,-9924.0,-516.0,-10125.0,-1333.0,4,10017.0,91.0,4635.0,-743.0,9987.0,-848.0,-10018.0,-669.0,-10050.0,1004.0,5,20014.0,204.0,4641.0,-848.0,4571.0,-812.0,-149858.0,10291.0,-668.0,72.0,6,9865.0,1081.0,4639.0,-802.0,9986.0,-884.0,-10006.0,-428.0,-10038.0,-338.0,7,10015.0,139.0,4642.0,-975.0,9982.0,-799.0,-9897.0,-711.0,10006.0,-400.0,8,-41593.0,641260.0,2752.0,-486.0,1886.0,-557.0,-296027.0,217.0,654.0,50.0,9,-41607.0,641491.0,2753.0,-482.0,1886.0,-517.0,-295824.0,-367.0,664.0,-76.0,10,-41596.0,641377.0,2754.0,-450.0,1886.0,-506.0,-296658.0,582.0,656.0,-6.0,11,-41602.0,641503.0,2754.0,-494.0,1886.0,-458.0,-296851.0,277.0,655.0,2.0,12,21964.0,163.0,2607.0,-494.0,2593.0,-502.0,-296140.0,-387.0,-672.0,-1.0,13,-232980.0,-5578.0,432.0,1184.0,434.0,188.0,-11971473.0,4477.0,10.0,11.0,14,-21479.0,-285.0,2605.0,-456.0,2591.0,-385.0,-297737.0,1983.0,666.0,-76.0,15,43850.0,434.0,1819.0,-563.0,1808.0,-548.0,-296184.0,41.0,-667.0,-52.0,16,-41582.0,640951.0,2756.0,-516.0,3047.0,-587.0,-295051.0,-1723.0,661.0,-22.0,17,-41570.0,640635.0,2756.0,-526.0,3047.0,-587.0,-295140.0,-675.0,662.0,-42.0,18,-41573.0,640894.0,2756.0,-575.0,3047.0,-585.0,-295486.0,-218.0,659.0,38.0,19,-41595.0,641134.0,2756.0,-573.0,3047.0,-588.0,-294417.0,-395.0,664.0,29.0,20,55693.0,818.0,1481.0,-699.0,1480.0,-730.0,-295427.0,954.0,-668.0,-64.0,21,-43043.0,-733.0,2555.0,-511.0,2555.0,-596.0,-295134.0,-295.0,655.0,-1.0,22,-43054.0,-713.0,2555.0,-531.0,2554.0,-663.0,-295325.0,-2426.0,661.0,5.0,23,55710.0,787.0,1481.0,-737.0,1480.0,-794.0,-294906.0,48.0,-668.0,-17.0
2022-07-12,0,10016.0,131.0,4644.0,-765.0,9996.0,-730.0,-9947.0,-312.0,-10062.0,-1736.0,1,10016.0,204.0,4643.0,-728.0,9996.0,-742.0,-151058.0,3125.0,-667.0,90.0,2,10017.0,90.0,4644.0,-674.0,9995.0,-676.0,-9921.0,535.0,-10058.0,-288.0,3,10017.0,225.0,4644.0,-717.0,10000.0,-782.0,-9923.0,-531.0,-10125.0,-1333.0,4,10016.0,93.0,4634.0,-771.0,9986.0,-848.0,-10020.0,-668.0,-10049.0,1002.0,5,20015.0,207.0,4641.0,-835.0,4573.0,-857.0,-151004.0,9865.0,-668.0,72.0,6,9864.0,1082.0,4639.0,-828.0,9988.0,-897.0,-10063.0,-1226.0,-10037.0,-340.0,7,10015.0,141.0,4643.0,-1036.0,9986.0,-837.0,-9894.0,-706.0,10007.0,-396.0,8,-41592.0,641260.0,2752.0,-487.0,1886.0,-542.0,-295968.0,290.0,654.0,50.0,9,-41606.0,641487.0,2754.0,-472.0,1887.0,-502.0,-296189.0,-139.0,664.0,-76.0,10,-41594.0,641371.0,2754.0,-476.0,1886.0,-519.0,-296255.0,646.0,656.0,-6.0,11,-41601.0,641496.0,2753.0,-502.0,1886.0,-466.0,-296773.0,240.0,655.0,2.0,12,21964.0,169.0,2607.0,-532.0,2593.0,-481.0,-296491.0,-332.0,-672.0,-1.0,13,-232975.0,-5496.0,432.0,1201.0,434.0,185.0,-11980142.0,4476.0,10.0,11.0,14,-21478.0,-280.0,2605.0,-479.0,2590.0,-417.0,-297035.0,2133.0,666.0,-76.0,15,43850.0,449.0,1819.0,-571.0,1808.0,-559.0,-295809.0,106.0,-667.0,-51.0,16,-41581.0,640948.0,2756.0,-539.0,3046.0,-601.0,-295327.0,-1950.0,661.0,-21.0,17,-41569.0,640636.0,2756.0,-519.0,3047.0,-573.0,-294852.0,-333.0,662.0,-42.0,18,-41572.0,640890.0,2756.0,-559.0,3047.0,-612.0,-294560.0,-584.0,659.0,38.0,19,-41594.0,641134.0,2755.0,-602.0,3047.0,-607.0,-295553.0,-419.0,664.0,29.0,20,55693.0,819.0,1481.0,-703.0,1480.0,-735.0,-295421.0,736.0,-668.0,-64.0,21,-43045.0,-677.0,2555.0,-508.0,2555.0,-597.0,-295040.0,-240.0,655.0,-1.0,22,-43058.0,-636.0,2555.0,-517.0,2554.0,-656.0,-294212.0,-2076.0,661.0,5.0,23,55710.0,786.0,1481.0,-761.0,1480.0,-770.0,-295176.0,157.0,-668.0,-17.0
2022-07-12,0,10016.0,131.0,4642.0,-729.0,9997.0,-733.0,-9951.0,-192.0,-10061.0,-1737.0,1,10016.0,203.0,4645.0,-733.0,9995.0,-718.0,-150803.0,3745.0,-667.0,90.0,2,10017.0,89.0,4641.0,-628.0,9996.0,-677.0,-10066.0,-405.0,-10058.0,-288.0,3,10017.0,226.0,4647.0,-752.0,9995.0,-752.0,-9928.0,-556.0,-10125.0,-1334.0,4,10016.0,92.0,4634.0,-746.0,9984.0,-849.0,-10017.0,-652.0,-10049.0,999.0,5,20015.0,207.0,4640.0,-803.0,4572.0,-852.0,-149971.0,10266.0,-668.0,72.0,6,9861.0,1078.0,4641.0,-837.0,9986.0,-868.0,-9993.0,-640.0,-10037.0,-339.0,7,10015.0,140.0,4635.0,-912.0,9985.0,-828.0,-9892.0,-738.0,10007.0,-400.0,8,-41592.0,641255.0,2752.0,-499.0,1887.0,-535.0,-295779.0,302.0,654.0,50.0,9,-41606.0,641490.0,2754.0,-470.0,1886.0,-525.0,-296030.0,-141.0,664.0,-76.0,10,-41594.0,641374.0,2754.0,-466.0,1887.0,-489.0,-296571.0,694.0,656.0,-6.0,11,-41601.0,641497.0,2754.0,-502.0,1886.0,-479.0,-296921.0,122.0,655.0,2.0,12,21964.0,169.0,2607.0,-515.0,2593.0,-476.0,-296080.0,-411.0,-672.0,-2.0,13,-232972.0,-5506.0,432.0,1196.0,434.0,177.0,-11979508.0,4512.0,10.0,11.0,14,-21478.0,-279.0,2605.0,-446.0,2590.0,-421.0,-297339.0,2103.0,666.0,-75.0,15,43850.0,449.0,1819.0,-583.0,1808.0,-579.0,-296628.0,152.0,-667.0,-52.0,16,-41581.0,640950.0,2756.0,-534.0,3047.0,-610.0,-294875.0,-1248.0,661.0,-22.0,17,-41569.0,640630.0,2756.0,-512.0,3047.0,-567.0,-295490.0,-480.0,662.0,-42.0,18,-41572.0,640892.0,2756.0,-565.0,3047.0,-562.0,-294497.0,-307.0,659.0,38.0,19,-41594.0,641131.0,2756.0,-584.0,3047.0,-597.0,-294731.0,-422.0,664.0,29.0,20,55693.0,820.0,1481.0,-665.0,1480.0,-769.0,-294353.0,444.0,-668.0,-64.0,21,-43042.0,-721.0,2555.0,-524.0,2555.0,-591.0,-294935.0,-621.0,655.0,-1.0,22,-43053.0,-696.0,2555.0,-535.0,2554.0,-636.0,-296174.0,-1899.0,661.0,5.0,23,55711.0,786.0,1481.0,-772.0,1481.0,-828.0,-296156.0,-68.0,-668.0,-17.0
2022-07-13,0,10016.0,130.0,4643.0,-746.0,9996.0,-727.0,-9950.0,-265.0,-10061.0,-1737.0,1,10016.0,202.0,4640.0,-691.0,9996.0,-733.0,-151229.0,3175.0,-667.0,90.0,2,10017.0,89.0,4643.0,-646.0,9996.0,-674.0,-10052.0,-278.0,-10057.0,-287.0,3,10017.0,225.0,4643.0,-709.0,9991.0,-702.0,-9911.0,-353.0,-10125.0,-1333.0,4,10016.0,91.0,4638.0,-771.0,9981.0,-815.0,-10017.0,-660.0,-10049.0,1004.0,5,20015.0,206.0,4640.0,-817.0,4573.0,-877.0,-149997.0,9643.0,-668.0,71.0,6,9862.0,1079.0,4638.0,-816.0,9985.0,-882.0,-10027.0,-956.0,-10036.0,-339.0,7,10015.0,140.0,4635.0,-869.0,9984.0,-829.0,-9896.0,-701.0,10006.0,-397.0,8,-41592.0,641262.0,2752.0,-494.0,1886.0,-551.0,-296032.0,206.0,654.0,50.0,9,-41606.0,641491.0,2754.0,-470.0,1887.0,-520.0,-296049.0,17.0,664.0,-76.0,10,-41594.0,641376.0,2753.0,-478.0,1887.0,-499.0,-296569.0,605.0,656.0,-6.0,11,-41601.0,641502.0,2754.0,-513.0,1886.0,-473.0,-296818.0,130.0,655.0,2.0,12,21964.0,170.0,2608.0,-530.0,2593.0,-484.0,-295807.0,-291.0,-672.0,-2.0,13,-232972.0,-5511.0,432.0,1243.0,434.0,153.0,-11988588.0,4591.0,10.0,11.0,14,-21478.0,-280.0,2605.0,-469.0,2591.0,-421.0,-297078.0,2244.0,666.0,-75.0,15,43850.0,445.0,1819.0,-561.0,1808.0,-568.0,-296137.0,-79.0,-667.0,-52.0,16,-41581.0,640948.0,2756.0,-529.0,3047.0,-581.0,-294917.0,-1716.0,661.0,-22.0,17,-41569.0,640636.0,2756.0,-523.0,3047.0,-583.0,-295061.0,-300.0,662.0,-42.0,18,-41572.0,640896.0,2756.0,-575.0,3047.0,-599.0,-295415.0,84.0,659.0,38.0,19,-41594.0,641135.0,2755.0,-586.0,3047.0,-592.0,-294688.0,-716.0,664.0,29.0,20,55693.0,816.0,1481.0,-682.0,1480.0,-775.0,-294411.0,1020.0,-668.0,-64.0,21,-43042.0,-722.0,2555.0,-513.0,2554.0,-674.0,-293936.0,-955.0,655.0,-1.0,22,-43053.0,-702.0,2555.0,-541.0,2554.0,-664.0,-295101.0,-1816.0,661.0,5.0,23,55710.0,790.0,1481.0,-747.0,1480.0,-783.0,-295346.0,-54.0,-667.0,-17.0
2022-07-13,0,10016.0,129.0,4644.0,-755.0,9996.0,-731.0,-9986.0,-726.0,-10062.0,-1735.0,1,10016.0,203.0,4643.0,-727.0,9996.0,-744.0,-151028.0,3822.0,-667.0,90.0,2,10017.0,89.0,4642.0,-638.0,9994.0,-668.0,-9951.0,293.0,-10058.0,-287.0,3,10017.0,225.0,4645.0,-727.0,9992.0,-725.0,-9927.0,-553.0,-10125.0,-1332.0,4,10016.0,91.0,4637.0,-754.0,9985.0,-827.0,-10025.0,-706.0,-10049.0,1005.0,5,20015.0,207.0,4639.0,-784.0,4573.0,-846.0,-150757.0,9745.0,-668.0,72.0,6,9864.0,1081.0,4640.0,-829.0,9987.0,-895.0,-9971.0,-920.0,-10037.0,-338.0,7,10015.0,139.0,4626.0,-874.0,9984.0,-819.0,-9893.0,-721.0,10007.0,-399.0,8,-41593.0,641259.0,2752.0,-488.0,1886.0,-553.0,-295810.0,268.0,654.0,50.0,9,-41606.0,641491.0,2754.0,-470.0,1887.0,-528.0,-296568.0,-221.0,664.0,-77.0,10,-41595.0,641379.0,2754.0,-472.0,1886.0,-508.0,-296448.0,554.0,656.0,-6.0,11,-41602.0,641507.0,2753.0,-534.0,1886.0,-465.0,-296710.0,109.0,655.0,1.0,12,21964.0,165.0,2608.0,-546.0,2593.0,-498.0,-296434.0,-225.0,-672.0,-2.0,13,-232977.0,-5554.0,432.0,1221.0,434.0,171.0,-11989191.0,4550.0,10.0,11.0,14,-21479.0,-284.0,2605.0,-436.0,2590.0,-415.0,-297388.0,2313.0,666.0,-75.0,15,43850.0,435.0,1819.0,-584.0,1808.0,-551.0,-296650.0,237.0,-667.0,-52.0,16,-41581.0,640953.0,2757.0,-510.0,3047.0,-602.0,-294739.0,-2069.0,661.0,-22.0,17,-41570.0,640635.0,2756.0,-518.0,3046.0,-605.0,-295319.0,-685.0,662.0,-42.0,18,-41573.0,640892.0,2756.0,-564.0,3047.0,-602.0,-295069.0,-202.0,659.0,38.0,19,-41594.0,641131.0,2755.0,-592.0,3047.0,-587.0,-294563.0,-158.0,665.0,29.0,20,55693.0,819.0,1481.0,-704.0,1480.0,-763.0,-295540.0,588.0,-668.0,-64.0,21,-43043.0,-732.0,2555.0,-529.0,2555.0,-599.0,-295138.0,-951.0,655.0,-1.0,22,-43054.0,-705.0,2555.0,-513.0,2554.0,-620.0,-294310.0,-1831.0,661.0,5.0,23,55710.0,789.0,1480.0,-716.0,1480.0,-760.0,-294763.0,5.0,-667.0,-17.0
2022-07-13,0,10016.0,130.0,4641.0,-730.0,9994.0,-721.0,-9962.0,-264.0,-10061.0,-1736.0,1,10016.0,202.0,4645.0,-747.0,9998.0,-761.0,-149112.0,4511.0,-667.0,90.0,2,10017.0,89.0,4644.0,-665.0,9997.0,-687.0,-9983.0,-12.0,-10058.0,-286.0,3,10017.0,225.0,4639.0,-693.0,9998.0,-758.0,-9928.0,-550.0,-10125.0,-1331.0,4,10016.0,91.0,4637.0,-772.0,9982.0,-812.0,-10017.0,-663.0,-10049.0,1004.0,5,20015.0,204.0,4640.0,-808.0,4572.0,-867.0,-148983.0,10612.0,-668.0,71.0,6,9862.0,1079.0,4640.0,-827.0,9988.0,-916.0,-10109.0,-1156.0,-10037.0,-337.0,7,10015.0,138.0,4630.0,-834.0,9988.0,-854.0,-9897.0,-712.0,10006.0,-400.0,8,-41593.0,641264.0,2752.0,-502.0,1886.0,-555.0,-295808.0,347.0,654.0,50.0,9,-41606.0,641498.0,2753.0,-457.0,1886.0,-539.0,-296008.0,-167.0,664.0,-77.0,10,-41595.0,641383.0,2754.0,-475.0,1886.0,-511.0,-296278.0,616.0,656.0,-6.0,11,-41602.0,641506.0,2754.0,-505.0,1887.0,-453.0,-296747.0,359.0,655.0,2.0,12,21964.0,170.0,2607.0,-525.0,2593.0,-500.0,-297081.0,-499.0,-672.0,-2.0,13,-232973.0,-5518.0,432.0,1192.0,434.0,175.0,-11977225.0,4544.0,10.0,11.0,14,-21478.0,-280.0,2605.0,-445.0,2591.0,-398.0,-297259.0,1813.0,666.0,-75.0,15,43850.0,448.0,1819.0,-563.0,1808.0,-547.0,-295907.0,410.0,-667.0,-52.0,16,-41581.0,640954.0,2756.0,-530.0,3047.0,-610.0,-294826.0,-2005.0,661.0,-22.0,17,-41570.0,640641.0,2756.0,-529.0,3047.0,-575.0,-295305.0,-342.0,662.0,-42.0,18,-41572.0,640897.0,2756.0,-551.0,3047.0,-586.0,-295491.0,-403.0,659.0,38.0,19,-41594.0,641137.0,2755.0,-579.0,3047.0,-614.0,-294537.0,-584.0,664.0,29.0,20,55694.0,819.0,1481.0,-695.0,1480.0,-715.0,-294137.0,843.0,-668.0,-65.0,21,-43042.0,-723.0,2555.0,-542.0,2554.0,-680.0,-294947.0,-664.0,655.0,-1.0,22,-43054.0,-698.0,2555.0,-520.0,2554.0,-614.0,-294647.0,-1711.0,661.0,5.0,23,55711.0,785.0,1481.0,-742.0,1480.0,-755.0,-295991.0,312.0,-667.0,-17.0
2022-07-14,0,10016.0,132.0,4642.0,-725.0,9994.0,-710.0,-9886.0,42.0,-10062.0,-1731.0,1,10016.0,206.0,4644.0,-744.0,9994.0,-710.0,-150293.0,3950.0,-667.0,90.0,2,10017.0,91.0,4641.0,-624.0,9994.0,-680.0,-10096.0,-931.0,-10058.0,-283.0,3,10017.0,226.0,4644.0,-719.0,9996.0,-754.0,-9930.0,-581.0,-10126.0,-1329.0,4,10016.0,96.0,4637.0,-789.0,9982.0,-818.0,-10019.0,-708.0,-10051.0,1000.0,5,20016.0,210.0,4640.0,-814.0,4572.0,-838.0,-148986.0,10605.0,-668.0,72.0,6,9865.0,1084.0,4639.0,-809.0,9987.0,-927.0,-9958.0,-550.0,-10038.0,-336.0,7,10015.0,143.0,4639.0,-1020.0,9981.0,-809.0,-9893.0,-768.0,10007.0,-396.0,8,-41592.0,641286.0,2752.0,-505.0,1887.0,-555.0,-295870.0,390.0,654.0,49.0,9,-41605.0,641517.0,2753.0,-491.0,1887.0,-534.0,-296161.0,-54.0,664.0,-76.0,10,-41594.0,641399.0,2754.0,-484.0,1886.0,-499.0,-296479.0,640.0,656.0,-6.0,11,-41600.0,641523.0,2753.0,-530.0,1886.0,-482.0,-296671.0,234.0,655.0,1.0,12,21965.0,182.0,2607.0,-510.0,2593.0,-489.0,-296425.0,-418.0,-672.0,-1.0,13,-232962.0,-5365.0,432.0,1218.0,434.0,184.0,-11981110.0,4435.0,10.0,11.0,14,-21477.0,-266.0,2605.0,-472.0,2591.0,-420.0,-296861.0,1840.0,666.0,-76.0,15,43850.0,476.0,1819.0,-548.0,1808.0,-577.0,-296207.0,146.0,-668.0,-52.0,16,-41580.0,640969.0,2756.0,-542.0,3047.0,-609.0,-295113.0,-2083.0,661.0,-22.0,17,-41569.0,640661.0,2756.0,-526.0,3047.0,-590.0,-295459.0,-445.0,662.0,-42.0,18,-41571.0,640912.0,2756.0,-585.0,3047.0,-594.0,-295719.0,-48.0,659.0,38.0,19,-41593.0,641162.0,2756.0,-613.0,3047.0,-618.0,-294691.0,61.0,665.0,29.0,20,55695.0,812.0,1481.0,-705.0,1480.0,-766.0,-294653.0,120.0,-668.0,-64.0,21,-43043.0,-647.0,2555.0,-529.0,2554.0,-630.0,-294589.0,-691.0,655.0,-1.0,22,-43057.0,-598.0,2555.0,-527.0,2554.0,-636.0,-295130.0,-2332.0,661.0,4.0,23,55713.0,784.0,1481.0,-747.0,1480.0,-750.0,-294915.0,57.0,-668.0,-16.0
2022-07-15,0,10015.0,154.0,4644.0,-758.0,9998.0,-761.0,-9947.0,-221.0,-10060.0,-1739.0,1,10015.0,229.0,4642.0,-733.0,9997.0,-747.0,-152360.0,2383.0,-667.0,90.0,2,10016.0,113.0,4643.0,-655.0,9998.0,-711.0,-9997.0,110.0,-10055.0,-293.0,3,10016.0,248.0,4641.0,-698.0,9996.0,-774.0,-9935.0,-605.0,-10120.0,-1339.0,4,10015.0,118.0,4635.0,-749.0,9987.0,-886.0,-10021.0,-712.0,-10051.0,990.0,5,20020.0,233.0,4639.0,-865.0,4571.0,-863.0,-149866.0,10526.0,-668.0,72.0,6,9869.0,1094.0,4638.0,-821.0,9984.0,-887.0,-9934.0,-189.0,-10034.0,-342.0,7,10014.0,163.0,4639.0,-1048.0,9988.0,-857.0,-9897.0,-745.0,10005.0,-406.0,8,-41583.0,641296.0,2753.0,-542.0,1887.0,-597.0,-295935.0,386.0,654.0,50.0,9,-41597.0,641535.0,2754.0,-523.0,1887.0,-559.0,-296142.0,-142.0,664.0,-76.0,10,-41586.0,641415.0,2754.0,-539.0,1887.0,-526.0,-296266.0,437.0,655.0,-5.0,11,-41592.0,641536.0,2754.0,-571.0,1887.0,-520.0,-296871.0,179.0,655.0,2.0,12,21965.0,264.0,2607.0,-538.0,2593.0,-499.0,-297301.0,-409.0,-672.0,-0.0,13,-232883.0,-4704.0,432.0,1214.0,434.0,165.0,-11981022.0,4346.0,10.0,11.0,14,-21471.0,-182.0,2606.0,-492.0,2592.0,-423.0,-297425.0,1821.0,666.0,-76.0,15,43845.0,635.0,1819.0,-600.0,1808.0,-567.0,-296200.0,221.0,-667.0,-51.0,16,-41572.0,640987.0,2757.0,-598.0,3048.0,-637.0,-295548.0,-1463.0,661.0,-21.0,17,-41560.0,640667.0,2757.0,-599.0,3048.0,-634.0,-295689.0,-394.0,662.0,-41.0,18,-41563.0,640927.0,2757.0,-616.0,3048.0,-640.0,-295564.0,-441.0,659.0,39.0,19,-41585.0,641171.0,2756.0,-634.0,3048.0,-651.0,-294741.0,-353.0,664.0,30.0,20,55700.0,819.0,1481.0,-680.0,1480.0,-763.0,-295975.0,453.0,-668.0,-64.0,21,-43035.0,-517.0,2556.0,-538.0,2555.0,-676.0,-295830.0,64.0,655.0,-1.0,22,-43048.0,-475.0,2556.0,-546.0,2555.0,-643.0,-294677.0,-1963.0,661.0,5.0,23,55718.0,785.0,1480.0,-738.0,1480.0,-752.0,-294685.0,-149.0,-668.0,-17.0
2022-07-15,0,10015.0,154.0,4646.0,-778.0,9998.0,-754.0,-9973.0,-397.0,-10059.0,-1742.0,1,10015.0,227.0,4644.0,-752.0,9997.0,-736.0,-150707.0,3669.0,-667.0,90.0,2,10016.0,113.0,4644.0,-654.0,9999.0,-721.0,-9988.0,130.0,-10055.0,-295.0,3,10016.0,246.0,4641.0,-701.0,9997.0,-771.0,-9926.0,-498.0,-10120.0,-1341.0,4,10016.0,116.0,4641.0,-823.0,9987.0,-883.0,-10022.0,-683.0,-10050.0,992.0,5,20020.0,229.0,4639.0,-844.0,4572.0,-892.0,-150333.0,9737.0,-668.0,73.0,6,9861.0,1088.0,4639.0,-835.0,9983.0,-884.0,-10045.0,-1149.0,-10034.0,-344.0,7,10014.0,161.0,4640.0,-941.0,9988.0,-857.0,-9899.0,-716.0,10005.0,-406.0,8,-41584.0,641292.0,2753.0,-531.0,1886.0,-595.0,-295825.0,168.0,654.0,50.0,9,-41597.0,641526.0,2754.0,-530.0,1887.0,-544.0,-296225.0,-261.0,663.0,-76.0,10,-41586.0,641412.0,2754.0,-527.0,1887.0,-522.0,-296488.0,742.0,655.0,-5.0,11,-41593.0,641532.0,2754.0,-568.0,1887.0,-504.0,-296942.0,197.0,655.0,3.0,12,21965.0,258.0,2607.0,-527.0,2593.0,-519.0,-297118.0,-779.0,-672.0,-0.0,13,-232888.0,-4769.0,432.0,1197.0,434.0,145.0,-11986029.0,4413.0,10.0,11.0,14,-21471.0,-188.0,2606.0,-481.0,2591.0,-440.0,-297013.0,2119.0,666.0,-75.0,15,43846.0,619.0,1819.0,-598.0,1808.0,-574.0,-296247.0,22.0,-667.0,-51.0,16,-41572.0,640980.0,2757.0,-561.0,3048.0,-631.0,-295207.0,-1907.0,661.0,-21.0,17,-41561.0,640665.0,2757.0,-562.0,3048.0,-643.0,-295107.0,-789.0,662.0,-40.0,18,-41563.0,640925.0,2756.0,-647.0,3048.0,-650.0,-295245.0,-121.0,659.0,39.0,19,-41585.0,641170.0,2756.0,-653.0,3048.0,-641.0,-294987.0,-510.0,664.0,30.0,20,55700.0,821.0,1480.0,-650.0,1480.0,-763.0,-295155.0,915.0,-668.0,-64.0,21,-43033.0,-570.0,2556.0,-558.0,2555.0,-718.0,-295230.0,-888.0,655.0,-1.0,22,-43044.0,-545.0,2556.0,-571.0,2555.0,-636.0,-295080.0,-1934.0,661.0,5.0,23,55717.0,786.0,1481.0,-781.0,1480.0,-791.0,-294757.0,52.0,-667.0,-17.0
